internal_shipment_id	tracking_number	order_id
SHP-716E6F51	DHDQBLI26060814291437	539aacfb-3db5-414e-b1a5-56f8807290aa
SHP-9D917963	DHDQBLI26060814291438	f8a20d39-b9ef-42e0-afab-3e033c05df36
SHP-2432E467	DHDQBLI26060814291439	722edaf1-3b61-4c23-92e1-bf6692cc6c89
SHP-A780B200	DHDQBLI26060814291440	0224d8b6-79ae-433c-b894-6a1bd934fd9f
SHP-A488DF5F	DHDQBLI26060814291441	f09ae63f-b5f6-4cbd-b6bf-514c84d97fb3
SHP-52C6A8EE	DHDQBLI26060814291442	40217615-2abe-4511-9958-22d793ed435d
SHP-904C583B	DHDQBLI26060814291443	1cb0b289-638f-4526-b0fe-4802fc637e29
SHP-F1032921	DHDQBLI26060814291444	8d8b926b-ab61-49a3-91a2-a9490818995f
SHP-25BF009B	DHDQBLI26060814291445	bd34855e-3c9c-48f7-8922-35d124e46545
SHP-04345812	DHDQBLI26060814291446	cf54c30b-3872-45a0-a637-0c785b639db6
SHP-89314970	DHDQBLI26060814291447	1484f575-cadf-429e-af91-ba846b6d3d45
SHP-0C891B03	DHDQBLI26060814291448	ee8fbcab-c3a3-486f-9b22-a82227355296
SHP-0EC1E667	DHDQBLI26060814291449	1f6bbe06-2936-4574-85ee-6c1ebddecc98
SHP-1F92E92C	DHDQBLI26060814291450	3ba7cb00-eb1d-414b-a878-84361669822d
SHP-DD42C166	DHDQBLI26060814291451	ea613b21-fc74-402c-adc7-a733e0ce8967
